create table tb2 (pk int, ck int, v int, PRIMARY KEY (pk, ck)) with compact storage and cdc = {'enabled': true, 'preimage': true, 'postimage': true};
{
	"status" : "ok"
}
-- Should add 2 rows (postimage + delta).
insert into tb2 (pk, ck, v) VALUES (2, 22, 111) USING TTL 2222;
{
	"status" : "ok"
}
select "cdc$batch_seq_no", "cdc$operation", "cdc$ttl", pk, ck, v from tb2_scylla_cdc_log;
{
	"rows" : 
	[
		{
			"cdc$batch_seq_no" : "0",
			"cdc$operation" : "1",
			"cdc$ttl" : "2222",
			"ck" : "22",
			"pk" : "2",
			"v" : "111"
		},
		{
			"cdc$batch_seq_no" : "1",
			"cdc$operation" : "9",
			"ck" : "22",
			"pk" : "2",
			"v" : "111"
		}
	]
}
-- Should add 3 rows (preimage + postimage + delta).
insert into tb2 (pk, ck, v) VALUES (2, 22, 1111) USING TTL 2223;
{
	"status" : "ok"
}
select "cdc$batch_seq_no", "cdc$operation", "cdc$ttl", pk, ck, v from tb2_scylla_cdc_log;
{
	"rows" : 
	[
		{
			"cdc$batch_seq_no" : "0",
			"cdc$operation" : "1",
			"cdc$ttl" : "2222",
			"ck" : "22",
			"pk" : "2",
			"v" : "111"
		},
		{
			"cdc$batch_seq_no" : "1",
			"cdc$operation" : "9",
			"ck" : "22",
			"pk" : "2",
			"v" : "111"
		},
		{
			"cdc$batch_seq_no" : "0",
			"cdc$operation" : "0",
			"ck" : "22",
			"pk" : "2",
			"v" : "111"
		},
		{
			"cdc$batch_seq_no" : "1",
			"cdc$operation" : "1",
			"cdc$ttl" : "2223",
			"ck" : "22",
			"pk" : "2",
			"v" : "1111"
		},
		{
			"cdc$batch_seq_no" : "2",
			"cdc$operation" : "9",
			"ck" : "22",
			"pk" : "2",
			"v" : "1111"
		}
	]
}
create table tb3 (pk int, ck int, PRIMARY KEY (pk, ck)) with compact storage and cdc = {'enabled': true, 'preimage': true, 'postimage': true};
{
	"status" : "ok"
}
-- Should add 2 rows (postimage + delta).
insert into tb3 (pk, ck) VALUES (2, 22) USING TTL 2222;
{
	"status" : "ok"
}
select "cdc$batch_seq_no", "cdc$operation", "cdc$ttl", pk, ck from tb3_scylla_cdc_log;
{
	"rows" : 
	[
		{
			"cdc$batch_seq_no" : "0",
			"cdc$operation" : "1",
			"cdc$ttl" : "2222",
			"ck" : "22",
			"pk" : "2"
		},
		{
			"cdc$batch_seq_no" : "1",
			"cdc$operation" : "9",
			"ck" : "22",
			"pk" : "2"
		}
	]
}
-- Should add 3 rows (preimage + postimage + delta).
insert into tb3 (pk, ck) VALUES (2, 22) USING TTL 2223;
{
	"status" : "ok"
}
select "cdc$batch_seq_no", "cdc$operation", "cdc$ttl", pk, ck from tb3_scylla_cdc_log;
{
	"rows" : 
	[
		{
			"cdc$batch_seq_no" : "0",
			"cdc$operation" : "1",
			"cdc$ttl" : "2222",
			"ck" : "22",
			"pk" : "2"
		},
		{
			"cdc$batch_seq_no" : "1",
			"cdc$operation" : "9",
			"ck" : "22",
			"pk" : "2"
		},
		{
			"cdc$batch_seq_no" : "0",
			"cdc$operation" : "0",
			"ck" : "22",
			"pk" : "2"
		},
		{
			"cdc$batch_seq_no" : "1",
			"cdc$operation" : "1",
			"cdc$ttl" : "2223",
			"ck" : "22",
			"pk" : "2"
		},
		{
			"cdc$batch_seq_no" : "2",
			"cdc$operation" : "9",
			"ck" : "22",
			"pk" : "2"
		}
	]
}
